category,title,creator,publication_year,description
album,Blue Breaker,Dr. Sarai Langosh,1949,Et et expedita non aut quo.
book,Joe Treat,Blaise Lesch,1968,Voluptatem adipisci qui velit.
album,Kreb-Full-o Been,Ms. Trevion Buckridge,2016,Vero consectetur delectus consequatur id aut accusantium unde excepturi.
album,Wake-up Pie,Timmy Streich I,1919,Voluptatem consequatur qui consectetur nisi officiis culpa.
album,Major Cup,Jayde Bartoletti,1944,Quis recusandae cum est facere consequatur minima magni et.
book,Summer Select,Ms. Gwendolyn Ortiz,1946,Et molestiae eos nam odit aut sed.
album,Holiday Choice,Alexandria Lehner,1940,Excepturi voluptas ut voluptatum.
book,Postmodern Blend,Meredith Brekke,1970,Dolorem fugit accusantium qui.
book,Green Forrester,Raquel Hirthe,1933,Omnis qui quia odio.
album,Winter Mug,Tia Weissnat II,1990,Laboriosam autem iusto quae sed voluptate et.
book,Red Pie,Davon Kub,1961,Id dolorem qui laborum quia.
album,Major Equinox,Queen Satterfield,1997,Fugit perferendis est quam sunt porro vel rerum.
book,Melty Breaker,Montana Dickinson Sr.,1991,Perferendis harum fuga corporis.
book,Winter Pie,Mr. Syble Kuhn,1970,Incidunt molestias deserunt laudantium.
album,Goodbye Utopia,Orion Spencer,1962,Praesentium enim pariatur voluptatem sed quod dolorum.
album,Green Select,Berneice Jenkins,1957,Hic repudiandae molestiae id nulla aliquid maiores necessitatibus.
book,Blacktop Enlightenment,Seamus D'Amore,1928,Ea id cumque et pariatur magni nemo dolorem.
album,Express Extract,Dorothy Jast I,1969,Dolores dolorum aut ea aperiam et voluptatem.
album,Winter Been,Mackenzie Wilkinson,1932,Culpa repudiandae et at sint et amet fugiat et.
book,Heart Mug,Orpha Douglas,2009,Qui voluptas alias quia.
album,Blue Treat,Eliseo Gorczany,1979,Sit est quis veniam saepe.
book,Hello Town,Laury Walter,2005,Est sed ut asperiores sed fugiat.
album,Blacktop Choice,Casey Feil,2008,Temporibus ex maxime labore quam et natus quia ipsum.
book,Huggy Star,Nigel Lesch DVM,1962,Voluptatem ea aspernatur nesciunt ipsa quis error corporis placeat.
movie,Lowriders,Ricardo de Montreuil,2016,"A young street artist in East Los Angeles is caught between his father's obsession with lowrider car culture, his ex-felon brother and his need for self-expression."
movie,Pirates of the Caribbean: On Stranger Tides,Rob Marshall,2011,"Jack Sparrow and Barbossa embark on a quest to find the elusive fountain of youth, only to discover that Blackbeard and his daughter are after it too."
movie,Miss Sloane,John Madden,2016,"In the high-stakes world of political power-brokers, Elizabeth Sloane is the most sought after and formidable lobbyist in D.C. But when taking on the most powerful opponent of her career, she finds winning may come at too high a price."
movie,Fallen,Scott Hicks,2016,"A young girl finds herself in a reform school after therapy since she was blamed for the death of a young boy. At the school she finds herself drawn to a fellow student, unaware that he is an angel, and has loved her for thousands of years."
movie,Star Trek Beyond,Justin Lin,2016,"The USS Enterprise crew explores the furthest reaches of uncharted space, where they encounter a new ruthless enemy who puts them and everything the Federation stands for to the test."
movie,The Last Face,Sean Penn,2016,"A director (Charlize Theron) of an international aid agency in Africa meets a relief aid doctor (Javier Bardem) amidst a political/social revolution, and together face tough choices ... See full summary Â»"
movie,Star Wars: Episode VII - The Force Awakens,J.J. Abrams,2015,"Three decades after the defeat of the Galactic Empire, a new threat arises. The First Order attempts to rule the galaxy and only a ragtag group of heroes can stop them, along with the help of the Resistance."
movie,Underworld: Blood Wars,Anna Foerster,2016,"Vampire death dealer, Selene (Kate Beckinsale) fights to end the eternal war between the Lycan clan and the Vampire faction that betrayed her."
movie,Mother's Day,Garry Marshall,2016,Three generations come together in the week leading up to Mother's Day.
movie,John Wick,Chad Stahelski,2014,An ex-hitman comes out of retirement to track down the gangsters that took everything from him.
movie,The Dark Knight,Christopher Nolan,2008,"When the menace known as the Joker wreaks havoc and chaos on the people of Gotham, the Dark Knight must come to terms with one of the greatest psychological tests of his ability to fight injustice."
movie,Silence,Martin Scorsese,2016,"In the 17th century, two Portuguese Jesuit priests travel to Japan in an attempt to locate their mentor, who is rumored to have committed apostasy, and to propagate Catholicism."
movie,Don't Breathe,Fede Alvarez,2016,"Hoping to walk away with a massive fortune, a trio of thieves break into the house of a blind man who isn't as helpless as he seems."
movie,Me Before You,Thea Sharrock,2016,A girl in a small town forms an unlikely bond with a recently-paralyzed man she's taking care of.
movie,Their Finest,Lone Scherfig,2016,"A former secretary, newly appointed as a scriptwriter for propaganda films, joins the cast and crew of a major production while the Blitz rages around them."
movie,Sully,Clint Eastwood,2016,"The story of Chesley Sullenberger, an American pilot who became a hero after landing his damaged plane on the Hudson River in order to save the flight's passengers and crew."
movie,Batman v Superman: Dawn of Justice,Zack Snyder,2016,"Fearing that the actions of Superman are left unchecked, Batman takes on the Man of Steel, while the world wrestles with what kind of a hero it really needs."

